Time,ID,Lat,Long,Alt,FloorIndex,Category,Name,Footfall,ConversionRate
0800,15,56.459179817093755,-2.9746738480042603,3.2803137125447392,0,Clothing,Debenhams,36,0.41
0800,17,56.459006198332624,-2.973734879254415,3.2802132749930024,0,Clothing,H&M,34,0.53
0800,19,56.45904569156023,-2.973506793380514,3.2802486857399344,0,Clothing,Next,33,0.31
0800,24,56.45962044062105,-2.9737190710677535,8.280373255722225,1,Service,Lush,37,0.76
0800,25,56.45970967654764,-2.9736169869743416,8.280475470237434,1,Service,Vision Express,36,0.64
0800,26,56.45974210870987,-2.9735034672732406,8.280537427403033,1,Service,The Gentlemen's Lounge,27,0.51
0800,27,56.45982690601922,-2.973470667648571,8.280646233819425,1,Other,Menkind,36,0.53
0800,28,56.45995101378066,-2.9733388269129346,8.280861148610711,1,Clothing,Superdry,34,0.3
0800,29,56.460044840752374,-2.9730205615462535,8.281159344129264,1,Clothing,Topman,24,0.37
0800,111,56.45927271015507,-2.974182991077556,3.280188562348485,0,Clothing,JD Sports,30,0.49
0800,113,56.45940264561752,-2.973952821787626,3.2802147893235087,0,Clothing,Schuh,39,0.33
0800,114,56.45946487262657,-2.9738236313505144,3.280251639895141,0,Other,Smiggle,25,0.54
0800,115,56.459705870955645,-2.9738672496181526,3.2804376566782594,0,Clothing,River Island,23,0.25
0800,116,56.459605433302315,-2.9735745347184768,3.2803884278982878,0,Clothing,Oasis,33,0.25
0800,118,56.45969705988947,-2.9733930276551748,3.2805245220661163,0,Other,Claire's Accessories,40,0.41
0800,119,56.45973212568105,-2.973254244414409,3.28061412088573,0,Service,Carphone Warehouse,26,0.6
0800,120,56.459818583376006,-2.9731308688742892,3.280770866200328,0,Other,Paperchase,37,0.64
0800,121,56.45983592062926,-2.9730525922312414,3.2808334343135357,0,Service,Holland & Barret,27,0.74
0800,122,56.45987533408329,-2.972968820879752,3.2809327766299248,0,Other,Tiger,34,0.64
0800,123,56.459941854221654,-2.9728674873782706,3.28109004534781,0,Clothing,Topshop,24,0.42
0800,124,56.45999966055679,-2.972742377276248,3.2812652243301272,0,Clothing,Quiz,40,0.45
0800,125,56.46003556794677,-2.9726444079623264,3.2813977962359786,0,Service,Virgin Media,27,0.61
0800,126,56.46008378913951,-2.972520137865618,3.2815824327990413,0,Food & Drink,Five Guys,33,0.83
0800,127,56.46015992029803,-2.97233985089283,3.2818863159045577,0,Food & Drink,Frakie & Benny's,28,0.82
0800,129,56.46020368550028,-2.9721120572018056,3.2822071220725775,0,Service,Bodycare,30,0.5
0800,131,56.460229725726926,-2.9719705320730845,3.28242146410048,0,Service,Vodafone,26,0.78
0800,132,56.460252257925454,-2.971849222055028,3.282616133801639,0,Other,Ernest Jones,21,0.45
0800,133,56.46032858210687,-2.971791988850632,3.2828536042943597,0,Service,EE,36,0.54
0800,134,56.460373768617515,-2.9716318758587335,3.283170821145177,0,Other,Clinton Cards,25,0.53
0800,135,56.46041443085644,-2.971428622241681,3.2835608404129744,0,Service,Superdrug,33,0.66
0800,140,56.460478583612,-2.9710429436045676,3.2843441581353545,0,Clothing,New Look,35,0.28
0800,141,56.460674837619095,-2.970702101737256,3.285502570681274,0,Service,Boots,33,0.71
0800,150,56.46005913132576,-2.9720380981822494,3.2820234037935734,0,Other,Goldsmiths,24,0.48
0800,151,56.46005560786899,-2.9718990233911375,3.2821825556457043,0,Other,The Perfume Shop,22,0.62
0800,152,56.46010663385054,-2.9718124533692674,3.2823803648352623,0,Other,Swarovski,28,0.39
0800,153,56.46011723385859,-2.9717318840400297,3.2825045930221677,0,Service,O2,39,0.58
0800,154,56.4600406884603,-2.971596560701262,3.2825562013313174,0,Other,Warren James,25,0.39
0800,155,56.460229880535294,-2.971453057374133,3.283115077763796,0,Other,Little Thistle,21,0.49
0800,156,56.460196331916165,-2.9713656157431707,3.283180655911565,0,Other,The Fragrance Shop,24,0.62
0800,158,56.460184289023346,-2.970995085254874,3.2837702678516507,0,Clothing,Primark,40,0.43
0800,170,56.460166958031046,-2.9715749363395974,3.282813132740557,0,Food & Drink,Greggs,23,0.77
0800,171,56.46012871142377,-2.9714388493669017,3.282940168865025,0,Service,Three,23,0.72
0800,211,56.46016226727934,-2.9727625459422673,8.281534916721284,1,Service,Thomson,33,0.63
0800,212,56.460183757016544,-2.972641607032876,8.28166732378304,1,Other,Stormfront,37,0.41
0800,216,56.46034762354584,-2.9721015928981127,8.282524761743844,1,Food & Drink,Spudulike,40,0.98
0800,217,56.46031020634011,-2.9718857044700195,8.28269447479397,1,Food & Drink,Subway,25,0.7
0800,220,56.46008311140728,-2.972099652229299,8.281995435245335,1,Food & Drink,Starbucks,30,0.87
0800,222,56.460121012637046,-2.971859644422694,8.282346673309803,1,Other,Hawkins Bazaar,33,0.56
0800,223,56.46013976134292,-2.9717600185523767,8.28250893112272,1,Service,Elegance Hair and Beauty,39,0.74
0800,224,56.460166038114586,-2.9716593253856605,8.282693573273718,1,Food & Drink,Chopstix,30,0.9
0800,225,56.46018313465728,-2.9715933781948856,8.282818266190588,1,Clothing,Ness,29,0.49
0800,226,56.460212809031965,-2.9715220755312224,8.282978932373226,1,Clothing,Garage Street Shoes,27,0.43
0800,227,56.46023368532537,-2.9714554735101144,8.28311923891306,1,Service,Regis Hair,28,0.69
0800,230,56.45947466509076,-2.973956842454455,8.28025077842176,1,Clothing,River Island,22,0.33
0800,233,56.459533725182766,-2.974321817351906,8.280324365012348,1,Clothing,Footasylum,34,0.31
0800,234,56.45947575736285,-2.974572922130526,8.280358931049705,1,Clothing,USC,32,0.33
0800,240,56.45914957194673,-2.974913340219596,8.280431586317718,1,Clothing,Debenhams,30,0.41
0800,242,56.458894861106934,-2.973342075523984,8.280363854952157,1,Clothing,Sports Direct,39,0.29
0800,243,56.45875919852007,-2.973857374203868,8.28034383431077,1,Other,Argos,23,0.42
0800,244,56.46005179758663,-2.971291869498666,8.283031449653208,1,Clothing,Primark,36,0.3
0800,245,56.460732419088785,-2.970527819885743,8.28601976763457,1,Service,Boots,22,0.77
0800,251,56.46045885870846,-2.9715226180271275,8.28353010956198,1,Clothing,New Look,25,0.48
0900,15,56.459179817093755,-2.9746738480042603,3.2803137125447392,0,Clothing,Debenhams,59,0.41
0900,17,56.459006198332624,-2.973734879254415,3.2802132749930024,0,Clothing,H&M,73,0.36
0900,19,56.45904569156023,-2.973506793380514,3.2802486857399344,0,Clothing,Next,62,0.49
0900,24,56.45962044062105,-2.9737190710677535,8.280373255722225,1,Service,Lush,67,0.71
0900,25,56.45970967654764,-2.9736169869743416,8.280475470237434,1,Service,Vision Express,63,0.53
0900,26,56.45974210870987,-2.9735034672732406,8.280537427403033,1,Service,The Gentlemen's Lounge,74,0.8
0900,27,56.45982690601922,-2.973470667648571,8.280646233819425,1,Other,Menkind,62,0.56
0900,28,56.45995101378066,-2.9733388269129346,8.280861148610711,1,Clothing,Superdry,75,0.5
0900,29,56.460044840752374,-2.9730205615462535,8.281159344129264,1,Clothing,Topman,59,0.45
0900,111,56.45927271015507,-2.974182991077556,3.280188562348485,0,Clothing,JD Sports,59,0.38
0900,113,56.45940264561752,-2.973952821787626,3.2802147893235087,0,Clothing,Schuh,59,0.49
0900,114,56.45946487262657,-2.9738236313505144,3.280251639895141,0,Other,Smiggle,62,0.64
0900,115,56.459705870955645,-2.9738672496181526,3.2804376566782594,0,Clothing,River Island,66,0.41
0900,116,56.459605433302315,-2.9735745347184768,3.2803884278982878,0,Clothing,Oasis,59,0.55
0900,118,56.45969705988947,-2.9733930276551748,3.2805245220661163,0,Other,Claire's Accessories,65,0.47
0900,119,56.45973212568105,-2.973254244414409,3.28061412088573,0,Service,Carphone Warehouse,63,0.5
0900,120,56.459818583376006,-2.9731308688742892,3.280770866200328,0,Other,Paperchase,76,0.6
0900,121,56.45983592062926,-2.9730525922312414,3.2808334343135357,0,Service,Holland & Barret,72,0.55
0900,122,56.45987533408329,-2.972968820879752,3.2809327766299248,0,Other,Tiger,62,0.47
0900,123,56.459941854221654,-2.9728674873782706,3.28109004534781,0,Clothing,Topshop,69,0.31
0900,124,56.45999966055679,-2.972742377276248,3.2812652243301272,0,Clothing,Quiz,66,0.39
0900,125,56.46003556794677,-2.9726444079623264,3.2813977962359786,0,Service,Virgin Media,61,0.66
0900,126,56.46008378913951,-2.972520137865618,3.2815824327990413,0,Food & Drink,Five Guys,58,0.85
0900,127,56.46015992029803,-2.97233985089283,3.2818863159045577,0,Food & Drink,Frakie & Benny's,62,0.93
0900,129,56.46020368550028,-2.9721120572018056,3.2822071220725775,0,Service,Bodycare,76,0.7
0900,131,56.460229725726926,-2.9719705320730845,3.28242146410048,0,Service,Vodafone,74,0.66
0900,132,56.460252257925454,-2.971849222055028,3.282616133801639,0,Other,Ernest Jones,60,0.41
0900,133,56.46032858210687,-2.971791988850632,3.2828536042943597,0,Service,EE,76,0.74
0900,134,56.460373768617515,-2.9716318758587335,3.283170821145177,0,Other,Clinton Cards,75,0.37
0900,135,56.46041443085644,-2.971428622241681,3.2835608404129744,0,Service,Superdrug,65,0.52
0900,140,56.460478583612,-2.9710429436045676,3.2843441581353545,0,Clothing,New Look,60,0.35
0900,141,56.460674837619095,-2.970702101737256,3.285502570681274,0,Service,Boots,71,0.71
0900,150,56.46005913132576,-2.9720380981822494,3.2820234037935734,0,Other,Goldsmiths,58,0.6
0900,151,56.46005560786899,-2.9718990233911375,3.2821825556457043,0,Other,The Perfume Shop,69,0.49
0900,152,56.46010663385054,-2.9718124533692674,3.2823803648352623,0,Other,Swarovski,69,0.56
0900,153,56.46011723385859,-2.9717318840400297,3.2825045930221677,0,Service,O2,63,0.67
0900,154,56.4600406884603,-2.971596560701262,3.2825562013313174,0,Other,Warren James,58,0.41
0900,155,56.460229880535294,-2.971453057374133,3.283115077763796,0,Other,Little Thistle,61,0.41
0900,156,56.460196331916165,-2.9713656157431707,3.283180655911565,0,Other,The Fragrance Shop,66,0.64
0900,158,56.460184289023346,-2.970995085254874,3.2837702678516507,0,Clothing,Primark,67,0.49
0900,170,56.460166958031046,-2.9715749363395974,3.282813132740557,0,Food & Drink,Greggs,69,0.77
0900,171,56.46012871142377,-2.9714388493669017,3.282940168865025,0,Service,Three,74,0.58
0900,211,56.46016226727934,-2.9727625459422673,8.281534916721284,1,Service,Thomson,69,0.78
0900,212,56.460183757016544,-2.972641607032876,8.28166732378304,1,Other,Stormfront,75,0.62
0900,216,56.46034762354584,-2.9721015928981127,8.282524761743844,1,Food & Drink,Spudulike,68,0.85
0900,217,56.46031020634011,-2.9718857044700195,8.28269447479397,1,Food & Drink,Subway,66,0.98
0900,220,56.46008311140728,-2.972099652229299,8.281995435245335,1,Food & Drink,Starbucks,59,0.97
0900,222,56.460121012637046,-2.971859644422694,8.282346673309803,1,Other,Hawkins Bazaar,62,0.59
0900,223,56.46013976134292,-2.9717600185523767,8.28250893112272,1,Service,Elegance Hair and Beauty,58,0.73
0900,224,56.460166038114586,-2.9716593253856605,8.282693573273718,1,Food & Drink,Chopstix,74,0.88
0900,225,56.46018313465728,-2.9715933781948856,8.282818266190588,1,Clothing,Ness,60,0.48
0900,226,56.460212809031965,-2.9715220755312224,8.282978932373226,1,Clothing,Garage Street Shoes,60,0.38
0900,227,56.46023368532537,-2.9714554735101144,8.28311923891306,1,Service,Regis Hair,60,0.56
0900,230,56.45947466509076,-2.973956842454455,8.28025077842176,1,Clothing,River Island,59,0.51
0900,233,56.459533725182766,-2.974321817351906,8.280324365012348,1,Clothing,Footasylum,71,0.54
0900,234,56.45947575736285,-2.974572922130526,8.280358931049705,1,Clothing,USC,72,0.55
0900,240,56.45914957194673,-2.974913340219596,8.280431586317718,1,Clothing,Debenhams,67,0.37
0900,242,56.458894861106934,-2.973342075523984,8.280363854952157,1,Clothing,Sports Direct,64,0.54
0900,243,56.45875919852007,-2.973857374203868,8.28034383431077,1,Other,Argos,63,0.46
0900,244,56.46005179758663,-2.971291869498666,8.283031449653208,1,Clothing,Primark,66,0.55
0900,245,56.460732419088785,-2.970527819885743,8.28601976763457,1,Service,Boots,73,0.61
0900,251,56.46045885870846,-2.9715226180271275,8.28353010956198,1,Clothing,New Look,67,0.51
1000,15,56.459179817093755,-2.9746738480042603,3.2803137125447392,0,Clothing,Debenhams,85,0.54
1000,17,56.459006198332624,-2.973734879254415,3.2802132749930024,0,Clothing,H&M,99,0.3
1000,19,56.45904569156023,-2.973506793380514,3.2802486857399344,0,Clothing,Next,103,0.4
1000,24,56.45962044062105,-2.9737190710677535,8.280373255722225,1,Service,Lush,104,0.64
1000,25,56.45970967654764,-2.9736169869743416,8.280475470237434,1,Service,Vision Express,88,0.67
1000,26,56.45974210870987,-2.9735034672732406,8.280537427403033,1,Service,The Gentlemen's Lounge,100,0.75
1000,27,56.45982690601922,-2.973470667648571,8.280646233819425,1,Other,Menkind,85,0.45
1000,28,56.45995101378066,-2.9733388269129346,8.280861148610711,1,Clothing,Superdry,101,0.28
1000,29,56.460044840752374,-2.9730205615462535,8.281159344129264,1,Clothing,Topman,90,0.35
1000,111,56.45927271015507,-2.974182991077556,3.280188562348485,0,Clothing,JD Sports,96,0.53
1000,113,56.45940264561752,-2.973952821787626,3.2802147893235087,0,Clothing,Schuh,103,0.44
1000,114,56.45946487262657,-2.9738236313505144,3.280251639895141,0,Other,Smiggle,102,0.35
1000,115,56.459705870955645,-2.9738672496181526,3.2804376566782594,0,Clothing,River Island,104,0.28
1000,116,56.459605433302315,-2.9735745347184768,3.2803884278982878,0,Clothing,Oasis,93,0.27
1000,118,56.45969705988947,-2.9733930276551748,3.2805245220661163,0,Other,Claire's Accessories,96,0.39
1000,119,56.45973212568105,-2.973254244414409,3.28061412088573,0,Service,Carphone Warehouse,103,0.5
1000,120,56.459818583376006,-2.9731308688742892,3.280770866200328,0,Other,Paperchase,97,0.46
1000,121,56.45983592062926,-2.9730525922312414,3.2808334343135357,0,Service,Holland & Barret,89,0.61
1000,122,56.45987533408329,-2.972968820879752,3.2809327766299248,0,Other,Tiger,100,0.4
1000,123,56.459941854221654,-2.9728674873782706,3.28109004534781,0,Clothing,Topshop,99,0.29
1000,124,56.45999966055679,-2.972742377276248,3.2812652243301272,0,Clothing,Quiz,87,0.55
1000,125,56.46003556794677,-2.9726444079623264,3.2813977962359786,0,Service,Virgin Media,94,0.67
1000,126,56.46008378913951,-2.972520137865618,3.2815824327990413,0,Food & Drink,Five Guys,86,0.87
1000,127,56.46015992029803,-2.97233985089283,3.2818863159045577,0,Food & Drink,Frakie & Benny's,94,0.79
1000,129,56.46020368550028,-2.9721120572018056,3.2822071220725775,0,Service,Bodycare,95,0.7
1000,131,56.460229725726926,-2.9719705320730845,3.28242146410048,0,Service,Vodafone,90,0.63
1000,132,56.460252257925454,-2.971849222055028,3.282616133801639,0,Other,Ernest Jones,95,0.57
1000,133,56.46032858210687,-2.971791988850632,3.2828536042943597,0,Service,EE,90,0.61
1000,134,56.460373768617515,-2.9716318758587335,3.283170821145177,0,Other,Clinton Cards,86,0.56
1000,135,56.46041443085644,-2.971428622241681,3.2835608404129744,0,Service,Superdrug,97,0.57
1000,140,56.460478583612,-2.9710429436045676,3.2843441581353545,0,Clothing,New Look,94,0.29
1000,141,56.460674837619095,-2.970702101737256,3.285502570681274,0,Service,Boots,91,0.71
1000,150,56.46005913132576,-2.9720380981822494,3.2820234037935734,0,Other,Goldsmiths,91,0.63
1000,151,56.46005560786899,-2.9718990233911375,3.2821825556457043,0,Other,The Perfume Shop,101,0.39
1000,152,56.46010663385054,-2.9718124533692674,3.2823803648352623,0,Other,Swarovski,98,0.59
1000,153,56.46011723385859,-2.9717318840400297,3.2825045930221677,0,Service,O2,98,0.58
1000,154,56.4600406884603,-2.971596560701262,3.2825562013313174,0,Other,Warren James,86,0.47
1000,155,56.460229880535294,-2.971453057374133,3.283115077763796,0,Other,Little Thistle,97,0.56
1000,156,56.460196331916165,-2.9713656157431707,3.283180655911565,0,Other,The Fragrance Shop,87,0.36
1000,158,56.460184289023346,-2.970995085254874,3.2837702678516507,0,Clothing,Primark,97,0.52
1000,170,56.460166958031046,-2.9715749363395974,3.282813132740557,0,Food & Drink,Greggs,102,0.96
1000,171,56.46012871142377,-2.9714388493669017,3.282940168865025,0,Service,Three,85,0.67
1000,211,56.46016226727934,-2.9727625459422673,8.281534916721284,1,Service,Thomson,88,0.5
1000,212,56.460183757016544,-2.972641607032876,8.28166732378304,1,Other,Stormfront,102,0.42
1000,216,56.46034762354584,-2.9721015928981127,8.282524761743844,1,Food & Drink,Spudulike,101,0.87
1000,217,56.46031020634011,-2.9718857044700195,8.28269447479397,1,Food & Drink,Subway,100,0.72
1000,220,56.46008311140728,-2.972099652229299,8.281995435245335,1,Food & Drink,Starbucks,95,0.86
1000,222,56.460121012637046,-2.971859644422694,8.282346673309803,1,Other,Hawkins Bazaar,95,0.58
1000,223,56.46013976134292,-2.9717600185523767,8.28250893112272,1,Service,Elegance Hair and Beauty,97,0.65
1000,224,56.460166038114586,-2.9716593253856605,8.282693573273718,1,Food & Drink,Chopstix,93,0.83
1000,225,56.46018313465728,-2.9715933781948856,8.282818266190588,1,Clothing,Ness,86,0.25
1000,226,56.460212809031965,-2.9715220755312224,8.282978932373226,1,Clothing,Garage Street Shoes,104,0.38
1000,227,56.46023368532537,-2.9714554735101144,8.28311923891306,1,Service,Regis Hair,99,0.76
1000,230,56.45947466509076,-2.973956842454455,8.28025077842176,1,Clothing,River Island,87,0.34
1000,233,56.459533725182766,-2.974321817351906,8.280324365012348,1,Clothing,Footasylum,99,0.46
1000,234,56.45947575736285,-2.974572922130526,8.280358931049705,1,Clothing,USC,86,0.28
1000,240,56.45914957194673,-2.974913340219596,8.280431586317718,1,Clothing,Debenhams,90,0.51
1000,242,56.458894861106934,-2.973342075523984,8.280363854952157,1,Clothing,Sports Direct,104,0.54
1000,243,56.45875919852007,-2.973857374203868,8.28034383431077,1,Other,Argos,86,0.35
1000,244,56.46005179758663,-2.971291869498666,8.283031449653208,1,Clothing,Primark,89,0.44
1000,245,56.460732419088785,-2.970527819885743,8.28601976763457,1,Service,Boots,99,0.62
1000,251,56.46045885870846,-2.9715226180271275,8.28353010956198,1,Clothing,New Look,98,0.29
1100,15,56.459179817093755,-2.9746738480042603,3.2803137125447392,0,Clothing,Debenhams,108,0.45
1100,17,56.459006198332624,-2.973734879254415,3.2802132749930024,0,Clothing,H&M,109,0.55
1100,19,56.45904569156023,-2.973506793380514,3.2802486857399344,0,Clothing,Next,119,0.43
1100,24,56.45962044062105,-2.9737190710677535,8.280373255722225,1,Service,Lush,123,0.62
1100,25,56.45970967654764,-2.9736169869743416,8.280475470237434,1,Service,Vision Express,119,0.77
1100,26,56.45974210870987,-2.9735034672732406,8.280537427403033,1,Service,The Gentlemen's Lounge,124,0.8
1100,27,56.45982690601922,-2.973470667648571,8.280646233819425,1,Other,Menkind,113,0.46
1100,28,56.45995101378066,-2.9733388269129346,8.280861148610711,1,Clothing,Superdry,113,0.4
1100,29,56.460044840752374,-2.9730205615462535,8.281159344129264,1,Clothing,Topman,116,0.55
1100,111,56.45927271015507,-2.974182991077556,3.280188562348485,0,Clothing,JD Sports,113,0.47
1100,113,56.45940264561752,-2.973952821787626,3.2802147893235087,0,Clothing,Schuh,124,0.51
1100,114,56.45946487262657,-2.9738236313505144,3.280251639895141,0,Other,Smiggle,112,0.38
1100,115,56.459705870955645,-2.9738672496181526,3.2804376566782594,0,Clothing,River Island,113,0.42
1100,116,56.459605433302315,-2.9735745347184768,3.2803884278982878,0,Clothing,Oasis,124,0.29
1100,118,56.45969705988947,-2.9733930276551748,3.2805245220661163,0,Other,Claire's Accessories,113,0.39
1100,119,56.45973212568105,-2.973254244414409,3.28061412088573,0,Service,Carphone Warehouse,112,0.62
1100,120,56.459818583376006,-2.9731308688742892,3.280770866200328,0,Other,Paperchase,108,0.54
1100,121,56.45983592062926,-2.9730525922312414,3.2808334343135357,0,Service,Holland & Barret,124,0.79
1100,122,56.45987533408329,-2.972968820879752,3.2809327766299248,0,Other,Tiger,111,0.64
1100,123,56.459941854221654,-2.9728674873782706,3.28109004534781,0,Clothing,Topshop,109,0.38
1100,124,56.45999966055679,-2.972742377276248,3.2812652243301272,0,Clothing,Quiz,124,0.39
1100,125,56.46003556794677,-2.9726444079623264,3.2813977962359786,0,Service,Virgin Media,121,0.5
1100,126,56.46008378913951,-2.972520137865618,3.2815824327990413,0,Food & Drink,Five Guys,105,0.78
1100,127,56.46015992029803,-2.97233985089283,3.2818863159045577,0,Food & Drink,Frakie & Benny's,118,0.86
1100,129,56.46020368550028,-2.9721120572018056,3.2822071220725775,0,Service,Bodycare,124,0.63
1100,131,56.460229725726926,-2.9719705320730845,3.28242146410048,0,Service,Vodafone,122,0.78
1100,132,56.460252257925454,-2.971849222055028,3.282616133801639,0,Other,Ernest Jones,106,0.42
1100,133,56.46032858210687,-2.971791988850632,3.2828536042943597,0,Service,EE,119,0.71
1100,134,56.460373768617515,-2.9716318758587335,3.283170821145177,0,Other,Clinton Cards,114,0.57
1100,135,56.46041443085644,-2.971428622241681,3.2835608404129744,0,Service,Superdrug,105,0.8
1100,140,56.460478583612,-2.9710429436045676,3.2843441581353545,0,Clothing,New Look,124,0.35
1100,141,56.460674837619095,-2.970702101737256,3.285502570681274,0,Service,Boots,123,0.51
1100,150,56.46005913132576,-2.9720380981822494,3.2820234037935734,0,Other,Goldsmiths,116,0.49
1100,151,56.46005560786899,-2.9718990233911375,3.2821825556457043,0,Other,The Perfume Shop,118,0.62
1100,152,56.46010663385054,-2.9718124533692674,3.2823803648352623,0,Other,Swarovski,119,0.54
1100,153,56.46011723385859,-2.9717318840400297,3.2825045930221677,0,Service,O2,110,0.7
1100,154,56.4600406884603,-2.971596560701262,3.2825562013313174,0,Other,Warren James,116,0.57
1100,155,56.460229880535294,-2.971453057374133,3.283115077763796,0,Other,Little Thistle,115,0.5
1100,156,56.460196331916165,-2.9713656157431707,3.283180655911565,0,Other,The Fragrance Shop,106,0.37
1100,158,56.460184289023346,-2.970995085254874,3.2837702678516507,0,Clothing,Primark,105,0.47
1100,170,56.460166958031046,-2.9715749363395974,3.282813132740557,0,Food & Drink,Greggs,110,0.78
1100,171,56.46012871142377,-2.9714388493669017,3.282940168865025,0,Service,Three,119,0.57
1100,211,56.46016226727934,-2.9727625459422673,8.281534916721284,1,Service,Thomson,118,0.7
1100,212,56.460183757016544,-2.972641607032876,8.28166732378304,1,Other,Stormfront,106,0.54
1100,216,56.46034762354584,-2.9721015928981127,8.282524761743844,1,Food & Drink,Spudulike,111,0.84
1100,217,56.46031020634011,-2.9718857044700195,8.28269447479397,1,Food & Drink,Subway,113,0.86
1100,220,56.46008311140728,-2.972099652229299,8.281995435245335,1,Food & Drink,Starbucks,116,1
1100,222,56.460121012637046,-2.971859644422694,8.282346673309803,1,Other,Hawkins Bazaar,117,0.52
1100,223,56.46013976134292,-2.9717600185523767,8.28250893112272,1,Service,Elegance Hair and Beauty,117,0.72
1100,224,56.460166038114586,-2.9716593253856605,8.282693573273718,1,Food & Drink,Chopstix,117,0.98
1100,225,56.46018313465728,-2.9715933781948856,8.282818266190588,1,Clothing,Ness,119,0.53
1100,226,56.460212809031965,-2.9715220755312224,8.282978932373226,1,Clothing,Garage Street Shoes,111,0.34
1100,227,56.46023368532537,-2.9714554735101144,8.28311923891306,1,Service,Regis Hair,108,0.54
1100,230,56.45947466509076,-2.973956842454455,8.28025077842176,1,Clothing,River Island,117,0.34
1100,233,56.459533725182766,-2.974321817351906,8.280324365012348,1,Clothing,Footasylum,115,0.4
1100,234,56.45947575736285,-2.974572922130526,8.280358931049705,1,Clothing,USC,110,0.44
1100,240,56.45914957194673,-2.974913340219596,8.280431586317718,1,Clothing,Debenhams,120,0.55
1100,242,56.458894861106934,-2.973342075523984,8.280363854952157,1,Clothing,Sports Direct,112,0.38
1100,243,56.45875919852007,-2.973857374203868,8.28034383431077,1,Other,Argos,123,0.51
1100,244,56.46005179758663,-2.971291869498666,8.283031449653208,1,Clothing,Primark,107,0.41
1100,245,56.460732419088785,-2.970527819885743,8.28601976763457,1,Service,Boots,115,0.62
1100,251,56.46045885870846,-2.9715226180271275,8.28353010956198,1,Clothing,New Look,106,0.55
1200,15,56.459179817093755,-2.9746738480042603,3.2803137125447392,0,Clothing,Debenhams,123,0.45
1200,17,56.459006198332624,-2.973734879254415,3.2802132749930024,0,Clothing,H&M,131,0.25
1200,19,56.45904569156023,-2.973506793380514,3.2802486857399344,0,Clothing,Next,118,0.32
1200,24,56.45962044062105,-2.9737190710677535,8.280373255722225,1,Service,Lush,134,0.57
1200,25,56.45970967654764,-2.9736169869743416,8.280475470237434,1,Service,Vision Express,120,0.58
1200,26,56.45974210870987,-2.9735034672732406,8.280537427403033,1,Service,The Gentlemen's Lounge,121,0.58
1200,27,56.45982690601922,-2.973470667648571,8.280646233819425,1,Other,Menkind,128,0.38
1200,28,56.45995101378066,-2.9733388269129346,8.280861148610711,1,Clothing,Superdry,117,0.52
1200,29,56.460044840752374,-2.9730205615462535,8.281159344129264,1,Clothing,Topman,128,0.28
1200,111,56.45927271015507,-2.974182991077556,3.280188562348485,0,Clothing,JD Sports,117,0.5
1200,113,56.45940264561752,-2.973952821787626,3.2802147893235087,0,Clothing,Schuh,118,0.38
1200,114,56.45946487262657,-2.9738236313505144,3.280251639895141,0,Other,Smiggle,126,0.39
1200,115,56.459705870955645,-2.9738672496181526,3.2804376566782594,0,Clothing,River Island,119,0.41
1200,116,56.459605433302315,-2.9735745347184768,3.2803884278982878,0,Clothing,Oasis,136,0.35
1200,118,56.45969705988947,-2.9733930276551748,3.2805245220661163,0,Other,Claire's Accessories,133,0.41
1200,119,56.45973212568105,-2.973254244414409,3.28061412088573,0,Service,Carphone Warehouse,131,0.67
1200,120,56.459818583376006,-2.9731308688742892,3.280770866200328,0,Other,Paperchase,134,0.5
1200,121,56.45983592062926,-2.9730525922312414,3.2808334343135357,0,Service,Holland & Barret,133,0.63
1200,122,56.45987533408329,-2.972968820879752,3.2809327766299248,0,Other,Tiger,131,0.36
1200,123,56.459941854221654,-2.9728674873782706,3.28109004534781,0,Clothing,Topshop,133,0.28
1200,124,56.45999966055679,-2.972742377276248,3.2812652243301272,0,Clothing,Quiz,135,0.28
1200,125,56.46003556794677,-2.9726444079623264,3.2813977962359786,0,Service,Virgin Media,130,0.68
1200,126,56.46008378913951,-2.972520137865618,3.2815824327990413,0,Food & Drink,Five Guys,124,0.85
1200,127,56.46015992029803,-2.97233985089283,3.2818863159045577,0,Food & Drink,Frakie & Benny's,131,0.79
1200,129,56.46020368550028,-2.9721120572018056,3.2822071220725775,0,Service,Bodycare,124,0.67
1200,131,56.460229725726926,-2.9719705320730845,3.28242146410048,0,Service,Vodafone,122,0.57
1200,132,56.460252257925454,-2.971849222055028,3.282616133801639,0,Other,Ernest Jones,119,0.46
1200,133,56.46032858210687,-2.971791988850632,3.2828536042943597,0,Service,EE,120,0.55
1200,134,56.460373768617515,-2.9716318758587335,3.283170821145177,0,Other,Clinton Cards,134,0.47
1200,135,56.46041443085644,-2.971428622241681,3.2835608404129744,0,Service,Superdrug,127,0.69
1200,140,56.460478583612,-2.9710429436045676,3.2843441581353545,0,Clothing,New Look,125,0.55
1200,141,56.460674837619095,-2.970702101737256,3.285502570681274,0,Service,Boots,136,0.72
1200,150,56.46005913132576,-2.9720380981822494,3.2820234037935734,0,Other,Goldsmiths,132,0.35
1200,151,56.46005560786899,-2.9718990233911375,3.2821825556457043,0,Other,The Perfume Shop,127,0.5
1200,152,56.46010663385054,-2.9718124533692674,3.2823803648352623,0,Other,Swarovski,136,0.58
1200,153,56.46011723385859,-2.9717318840400297,3.2825045930221677,0,Service,O2,121,0.6
1200,154,56.4600406884603,-2.971596560701262,3.2825562013313174,0,Other,Warren James,123,0.47
1200,155,56.460229880535294,-2.971453057374133,3.283115077763796,0,Other,Little Thistle,132,0.48
1200,156,56.460196331916165,-2.9713656157431707,3.283180655911565,0,Other,The Fragrance Shop,135,0.36
1200,158,56.460184289023346,-2.970995085254874,3.2837702678516507,0,Clothing,Primark,117,0.51
1200,170,56.460166958031046,-2.9715749363395974,3.282813132740557,0,Food & Drink,Greggs,136,0.84
1200,171,56.46012871142377,-2.9714388493669017,3.282940168865025,0,Service,Three,136,0.61
1200,211,56.46016226727934,-2.9727625459422673,8.281534916721284,1,Service,Thomson,127,0.75
1200,212,56.460183757016544,-2.972641607032876,8.28166732378304,1,Other,Stormfront,125,0.62
1200,216,56.46034762354584,-2.9721015928981127,8.282524761743844,1,Food & Drink,Spudulike,120,0.7
1200,217,56.46031020634011,-2.9718857044700195,8.28269447479397,1,Food & Drink,Subway,120,0.86
1200,220,56.46008311140728,-2.972099652229299,8.281995435245335,1,Food & Drink,Starbucks,130,0.95
1200,222,56.460121012637046,-2.971859644422694,8.282346673309803,1,Other,Hawkins Bazaar,129,0.45
1200,223,56.46013976134292,-2.9717600185523767,8.28250893112272,1,Service,Elegance Hair and Beauty,120,0.64
1200,224,56.460166038114586,-2.9716593253856605,8.282693573273718,1,Food & Drink,Chopstix,136,0.76
1200,225,56.46018313465728,-2.9715933781948856,8.282818266190588,1,Clothing,Ness,133,0.53
1200,226,56.460212809031965,-2.9715220755312224,8.282978932373226,1,Clothing,Garage Street Shoes,125,0.49
1200,227,56.46023368532537,-2.9714554735101144,8.28311923891306,1,Service,Regis Hair,125,0.5
1200,230,56.45947466509076,-2.973956842454455,8.28025077842176,1,Clothing,River Island,134,0.38
1200,233,56.459533725182766,-2.974321817351906,8.280324365012348,1,Clothing,Footasylum,132,0.37
1200,234,56.45947575736285,-2.974572922130526,8.280358931049705,1,Clothing,USC,123,0.34
1200,240,56.45914957194673,-2.974913340219596,8.280431586317718,1,Clothing,Debenhams,130,0.29
1200,242,56.458894861106934,-2.973342075523984,8.280363854952157,1,Clothing,Sports Direct,132,0.55
1200,243,56.45875919852007,-2.973857374203868,8.28034383431077,1,Other,Argos,118,0.39
1200,244,56.46005179758663,-2.971291869498666,8.283031449653208,1,Clothing,Primark,118,0.34
1200,245,56.460732419088785,-2.970527819885743,8.28601976763457,1,Service,Boots,117,0.77
1200,251,56.46045885870846,-2.9715226180271275,8.28353010956198,1,Clothing,New Look,128,0.25
1300,15,56.459179817093755,-2.9746738480042603,3.2803137125447392,0,Clothing,Debenhams,124,0.3
1300,17,56.459006198332624,-2.973734879254415,3.2802132749930024,0,Clothing,H&M,139,0.26
1300,19,56.45904569156023,-2.973506793380514,3.2802486857399344,0,Clothing,Next,139,0.25
1300,24,56.45962044062105,-2.9737190710677535,8.280373255722225,1,Service,Lush,133,0.64
1300,25,56.45970967654764,-2.9736169869743416,8.280475470237434,1,Service,Vision Express,138,0.7
1300,26,56.45974210870987,-2.9735034672732406,8.280537427403033,1,Service,The Gentlemen's Lounge,124,0.56
1300,27,56.45982690601922,-2.973470667648571,8.280646233819425,1,Other,Menkind,123,0.64
1300,28,56.45995101378066,-2.9733388269129346,8.280861148610711,1,Clothing,Superdry,131,0.3
1300,29,56.460044840752374,-2.9730205615462535,8.281159344129264,1,Clothing,Topman,130,0.34
1300,111,56.45927271015507,-2.974182991077556,3.280188562348485,0,Clothing,JD Sports,121,0.37
1300,113,56.45940264561752,-2.973952821787626,3.2802147893235087,0,Clothing,Schuh,127,0.5
1300,114,56.45946487262657,-2.9738236313505144,3.280251639895141,0,Other,Smiggle,128,0.52
1300,115,56.459705870955645,-2.9738672496181526,3.2804376566782594,0,Clothing,River Island,124,0.29
1300,116,56.459605433302315,-2.9735745347184768,3.2803884278982878,0,Clothing,Oasis,135,0.48
1300,118,56.45969705988947,-2.9733930276551748,3.2805245220661163,0,Other,Claire's Accessories,132,0.41
1300,119,56.45973212568105,-2.973254244414409,3.28061412088573,0,Service,Carphone Warehouse,123,0.66
1300,120,56.459818583376006,-2.9731308688742892,3.280770866200328,0,Other,Paperchase,138,0.65
1300,121,56.45983592062926,-2.9730525922312414,3.2808334343135357,0,Service,Holland & Barret,126,0.58
1300,122,56.45987533408329,-2.972968820879752,3.2809327766299248,0,Other,Tiger,138,0.65
1300,123,56.459941854221654,-2.9728674873782706,3.28109004534781,0,Clothing,Topshop,139,0.46
1300,124,56.45999966055679,-2.972742377276248,3.2812652243301272,0,Clothing,Quiz,133,0.35
1300,125,56.46003556794677,-2.9726444079623264,3.2813977962359786,0,Service,Virgin Media,127,0.55
1300,126,56.46008378913951,-2.972520137865618,3.2815824327990413,0,Food & Drink,Five Guys,132,0.92
1300,127,56.46015992029803,-2.97233985089283,3.2818863159045577,0,Food & Drink,Frakie & Benny's,137,0.93
1300,129,56.46020368550028,-2.9721120572018056,3.2822071220725775,0,Service,Bodycare,137,0.68
1300,131,56.460229725726926,-2.9719705320730845,3.28242146410048,0,Service,Vodafone,124,0.69
1300,132,56.460252257925454,-2.971849222055028,3.282616133801639,0,Other,Ernest Jones,123,0.62
1300,133,56.46032858210687,-2.971791988850632,3.2828536042943597,0,Service,EE,135,0.71
1300,134,56.460373768617515,-2.9716318758587335,3.283170821145177,0,Other,Clinton Cards,132,0.39
1300,135,56.46041443085644,-2.971428622241681,3.2835608404129744,0,Service,Superdrug,128,0.61
1300,140,56.460478583612,-2.9710429436045676,3.2843441581353545,0,Clothing,New Look,122,0.39
1300,141,56.460674837619095,-2.970702101737256,3.285502570681274,0,Service,Boots,129,0.51
1300,150,56.46005913132576,-2.9720380981822494,3.2820234037935734,0,Other,Goldsmiths,121,0.56
1300,151,56.46005560786899,-2.9718990233911375,3.2821825556457043,0,Other,The Perfume Shop,134,0.38
1300,152,56.46010663385054,-2.9718124533692674,3.2823803648352623,0,Other,Swarovski,130,0.55
1300,153,56.46011723385859,-2.9717318840400297,3.2825045930221677,0,Service,O2,136,0.74
1300,154,56.4600406884603,-2.971596560701262,3.2825562013313174,0,Other,Warren James,139,0.53
1300,155,56.460229880535294,-2.971453057374133,3.283115077763796,0,Other,Little Thistle,132,0.47
1300,156,56.460196331916165,-2.9713656157431707,3.283180655911565,0,Other,The Fragrance Shop,125,0.65
1300,158,56.460184289023346,-2.970995085254874,3.2837702678516507,0,Clothing,Primark,134,0.53
1300,170,56.460166958031046,-2.9715749363395974,3.282813132740557,0,Food & Drink,Greggs,131,0.99
1300,171,56.46012871142377,-2.9714388493669017,3.282940168865025,0,Service,Three,129,0.59
1300,211,56.46016226727934,-2.9727625459422673,8.281534916721284,1,Service,Thomson,131,0.75
1300,212,56.460183757016544,-2.972641607032876,8.28166732378304,1,Other,Stormfront,128,0.38
1300,216,56.46034762354584,-2.9721015928981127,8.282524761743844,1,Food & Drink,Spudulike,138,0.78
1300,217,56.46031020634011,-2.9718857044700195,8.28269447479397,1,Food & Drink,Subway,131,0.8
1300,220,56.46008311140728,-2.972099652229299,8.281995435245335,1,Food & Drink,Starbucks,137,0.99
1300,222,56.460121012637046,-2.971859644422694,8.282346673309803,1,Other,Hawkins Bazaar,133,0.38
1300,223,56.46013976134292,-2.9717600185523767,8.28250893112272,1,Service,Elegance Hair and Beauty,139,0.76
1300,224,56.460166038114586,-2.9716593253856605,8.282693573273718,1,Food & Drink,Chopstix,132,0.94
1300,225,56.46018313465728,-2.9715933781948856,8.282818266190588,1,Clothing,Ness,138,0.33
1300,226,56.460212809031965,-2.9715220755312224,8.282978932373226,1,Clothing,Garage Street Shoes,127,0.52
1300,227,56.46023368532537,-2.9714554735101144,8.28311923891306,1,Service,Regis Hair,133,0.62
1300,230,56.45947466509076,-2.973956842454455,8.28025077842176,1,Clothing,River Island,132,0.5
1300,233,56.459533725182766,-2.974321817351906,8.280324365012348,1,Clothing,Footasylum,127,0.35
1300,234,56.45947575736285,-2.974572922130526,8.280358931049705,1,Clothing,USC,121,0.45
1300,240,56.45914957194673,-2.974913340219596,8.280431586317718,1,Clothing,Debenhams,127,0.49
1300,242,56.458894861106934,-2.973342075523984,8.280363854952157,1,Clothing,Sports Direct,139,0.53
1300,243,56.45875919852007,-2.973857374203868,8.28034383431077,1,Other,Argos,125,0.36
1300,244,56.46005179758663,-2.971291869498666,8.283031449653208,1,Clothing,Primark,129,0.48
1300,245,56.460732419088785,-2.970527819885743,8.28601976763457,1,Service,Boots,128,0.57
1300,251,56.46045885870846,-2.9715226180271275,8.28353010956198,1,Clothing,New Look,139,0.47
1400,15,56.459179817093755,-2.9746738480042603,3.2803137125447392,0,Clothing,Debenhams,130,0.27
1400,17,56.459006198332624,-2.973734879254415,3.2802132749930024,0,Clothing,H&M,126,0.31
1400,19,56.45904569156023,-2.973506793380514,3.2802486857399344,0,Clothing,Next,118,0.34
1400,24,56.45962044062105,-2.9737190710677535,8.280373255722225,1,Service,Lush,118,0.55
1400,25,56.45970967654764,-2.9736169869743416,8.280475470237434,1,Service,Vision Express,132,0.78
1400,26,56.45974210870987,-2.9735034672732406,8.280537427403033,1,Service,The Gentlemen's Lounge,129,0.54
1400,27,56.45982690601922,-2.973470667648571,8.280646233819425,1,Other,Menkind,121,0.51
1400,28,56.45995101378066,-2.9733388269129346,8.280861148610711,1,Clothing,Superdry,125,0.29
1400,29,56.460044840752374,-2.9730205615462535,8.281159344129264,1,Clothing,Topman,119,0.48
1400,111,56.45927271015507,-2.974182991077556,3.280188562348485,0,Clothing,JD Sports,132,0.26
1400,113,56.45940264561752,-2.973952821787626,3.2802147893235087,0,Clothing,Schuh,117,0.39
1400,114,56.45946487262657,-2.9738236313505144,3.280251639895141,0,Other,Smiggle,136,0.5
1400,115,56.459705870955645,-2.9738672496181526,3.2804376566782594,0,Clothing,River Island,120,0.44
1400,116,56.459605433302315,-2.9735745347184768,3.2803884278982878,0,Clothing,Oasis,132,0.52
1400,118,56.45969705988947,-2.9733930276551748,3.2805245220661163,0,Other,Claire's Accessories,118,0.48
1400,119,56.45973212568105,-2.973254244414409,3.28061412088573,0,Service,Carphone Warehouse,120,0.71
1400,120,56.459818583376006,-2.9731308688742892,3.280770866200328,0,Other,Paperchase,128,0.51
1400,121,56.45983592062926,-2.9730525922312414,3.2808334343135357,0,Service,Holland & Barret,118,0.78
1400,122,56.45987533408329,-2.972968820879752,3.2809327766299248,0,Other,Tiger,133,0.56
1400,123,56.459941854221654,-2.9728674873782706,3.28109004534781,0,Clothing,Topshop,118,0.49
1400,124,56.45999966055679,-2.972742377276248,3.2812652243301272,0,Clothing,Quiz,134,0.42
1400,125,56.46003556794677,-2.9726444079623264,3.2813977962359786,0,Service,Virgin Media,117,0.57
1400,126,56.46008378913951,-2.972520137865618,3.2815824327990413,0,Food & Drink,Five Guys,136,0.89
1400,127,56.46015992029803,-2.97233985089283,3.2818863159045577,0,Food & Drink,Frakie & Benny's,136,0.98
1400,129,56.46020368550028,-2.9721120572018056,3.2822071220725775,0,Service,Bodycare,134,0.71
1400,131,56.460229725726926,-2.9719705320730845,3.28242146410048,0,Service,Vodafone,124,0.8
1400,132,56.460252257925454,-2.971849222055028,3.282616133801639,0,Other,Ernest Jones,126,0.38
1400,133,56.46032858210687,-2.971791988850632,3.2828536042943597,0,Service,EE,126,0.72
1400,134,56.460373768617515,-2.9716318758587335,3.283170821145177,0,Other,Clinton Cards,123,0.63
1400,135,56.46041443085644,-2.971428622241681,3.2835608404129744,0,Service,Superdrug,128,0.54
1400,140,56.460478583612,-2.9710429436045676,3.2843441581353545,0,Clothing,New Look,133,0.47
1400,141,56.460674837619095,-2.970702101737256,3.285502570681274,0,Service,Boots,119,0.55
1400,150,56.46005913132576,-2.9720380981822494,3.2820234037935734,0,Other,Goldsmiths,127,0.35
1400,151,56.46005560786899,-2.9718990233911375,3.2821825556457043,0,Other,The Perfume Shop,129,0.35
1400,152,56.46010663385054,-2.9718124533692674,3.2823803648352623,0,Other,Swarovski,125,0.35
1400,153,56.46011723385859,-2.9717318840400297,3.2825045930221677,0,Service,O2,122,0.5
1400,154,56.4600406884603,-2.971596560701262,3.2825562013313174,0,Other,Warren James,123,0.42
1400,155,56.460229880535294,-2.971453057374133,3.283115077763796,0,Other,Little Thistle,130,0.42
1400,156,56.460196331916165,-2.9713656157431707,3.283180655911565,0,Other,The Fragrance Shop,125,0.63
1400,158,56.460184289023346,-2.970995085254874,3.2837702678516507,0,Clothing,Primark,128,0.4
1400,170,56.460166958031046,-2.9715749363395974,3.282813132740557,0,Food & Drink,Greggs,132,0.79
1400,171,56.46012871142377,-2.9714388493669017,3.282940168865025,0,Service,Three,125,0.54
1400,211,56.46016226727934,-2.9727625459422673,8.281534916721284,1,Service,Thomson,119,0.64
1400,212,56.460183757016544,-2.972641607032876,8.28166732378304,1,Other,Stormfront,119,0.35
1400,216,56.46034762354584,-2.9721015928981127,8.282524761743844,1,Food & Drink,Spudulike,118,0.96
1400,217,56.46031020634011,-2.9718857044700195,8.28269447479397,1,Food & Drink,Subway,127,0.97
1400,220,56.46008311140728,-2.972099652229299,8.281995435245335,1,Food & Drink,Starbucks,133,1
1400,222,56.460121012637046,-2.971859644422694,8.282346673309803,1,Other,Hawkins Bazaar,118,0.37
1400,223,56.46013976134292,-2.9717600185523767,8.28250893112272,1,Service,Elegance Hair and Beauty,128,0.8
1400,224,56.460166038114586,-2.9716593253856605,8.282693573273718,1,Food & Drink,Chopstix,128,0.73
1400,225,56.46018313465728,-2.9715933781948856,8.282818266190588,1,Clothing,Ness,131,0.4
1400,226,56.460212809031965,-2.9715220755312224,8.282978932373226,1,Clothing,Garage Street Shoes,128,0.55
1400,227,56.46023368532537,-2.9714554735101144,8.28311923891306,1,Service,Regis Hair,127,0.79
1400,230,56.45947466509076,-2.973956842454455,8.28025077842176,1,Clothing,River Island,119,0.55
1400,233,56.459533725182766,-2.974321817351906,8.280324365012348,1,Clothing,Footasylum,136,0.44
1400,234,56.45947575736285,-2.974572922130526,8.280358931049705,1,Clothing,USC,133,0.55
1400,240,56.45914957194673,-2.974913340219596,8.280431586317718,1,Clothing,Debenhams,122,0.52
1400,242,56.458894861106934,-2.973342075523984,8.280363854952157,1,Clothing,Sports Direct,128,0.49
1400,243,56.45875919852007,-2.973857374203868,8.28034383431077,1,Other,Argos,121,0.51
1400,244,56.46005179758663,-2.971291869498666,8.283031449653208,1,Clothing,Primark,135,0.35
1400,245,56.460732419088785,-2.970527819885743,8.28601976763457,1,Service,Boots,126,0.73
1400,251,56.46045885870846,-2.9715226180271275,8.28353010956198,1,Clothing,New Look,122,0.52
1500,15,56.459179817093755,-2.9746738480042603,3.2803137125447392,0,Clothing,Debenhams,120,0.46
1500,17,56.459006198332624,-2.973734879254415,3.2802132749930024,0,Clothing,H&M,121,0.3
1500,19,56.45904569156023,-2.973506793380514,3.2802486857399344,0,Clothing,Next,108,0.25
1500,24,56.45962044062105,-2.9737190710677535,8.280373255722225,1,Service,Lush,107,0.73
1500,25,56.45970967654764,-2.9736169869743416,8.280475470237434,1,Service,Vision Express,117,0.7
1500,26,56.45974210870987,-2.9735034672732406,8.280537427403033,1,Service,The Gentlemen's Lounge,107,0.74
1500,27,56.45982690601922,-2.973470667648571,8.280646233819425,1,Other,Menkind,117,0.59
1500,28,56.45995101378066,-2.9733388269129346,8.280861148610711,1,Clothing,Superdry,114,0.45
1500,29,56.460044840752374,-2.9730205615462535,8.281159344129264,1,Clothing,Topman,115,0.28
1500,111,56.45927271015507,-2.974182991077556,3.280188562348485,0,Clothing,JD Sports,112,0.25
1500,113,56.45940264561752,-2.973952821787626,3.2802147893235087,0,Clothing,Schuh,118,0.47
1500,114,56.45946487262657,-2.9738236313505144,3.280251639895141,0,Other,Smiggle,107,0.62
1500,115,56.459705870955645,-2.9738672496181526,3.2804376566782594,0,Clothing,River Island,111,0.35
1500,116,56.459605433302315,-2.9735745347184768,3.2803884278982878,0,Clothing,Oasis,122,0.25
1500,118,56.45969705988947,-2.9733930276551748,3.2805245220661163,0,Other,Claire's Accessories,110,0.44
1500,119,56.45973212568105,-2.973254244414409,3.28061412088573,0,Service,Carphone Warehouse,118,0.52
1500,120,56.459818583376006,-2.9731308688742892,3.280770866200328,0,Other,Paperchase,118,0.58
1500,121,56.45983592062926,-2.9730525922312414,3.2808334343135357,0,Service,Holland & Barret,107,0.74
1500,122,56.45987533408329,-2.972968820879752,3.2809327766299248,0,Other,Tiger,111,0.53
1500,123,56.459941854221654,-2.9728674873782706,3.28109004534781,0,Clothing,Topshop,118,0.37
1500,124,56.45999966055679,-2.972742377276248,3.2812652243301272,0,Clothing,Quiz,116,0.51
1500,125,56.46003556794677,-2.9726444079623264,3.2813977962359786,0,Service,Virgin Media,110,0.7
1500,126,56.46008378913951,-2.972520137865618,3.2815824327990413,0,Food & Drink,Five Guys,114,0.91
1500,127,56.46015992029803,-2.97233985089283,3.2818863159045577,0,Food & Drink,Frakie & Benny's,122,0.84
1500,129,56.46020368550028,-2.9721120572018056,3.2822071220725775,0,Service,Bodycare,111,0.7
1500,131,56.460229725726926,-2.9719705320730845,3.28242146410048,0,Service,Vodafone,105,0.5
1500,132,56.460252257925454,-2.971849222055028,3.282616133801639,0,Other,Ernest Jones,122,0.35
1500,133,56.46032858210687,-2.971791988850632,3.2828536042943597,0,Service,EE,117,0.5
1500,134,56.460373768617515,-2.9716318758587335,3.283170821145177,0,Other,Clinton Cards,109,0.64
1500,135,56.46041443085644,-2.971428622241681,3.2835608404129744,0,Service,Superdrug,117,0.63
1500,140,56.460478583612,-2.9710429436045676,3.2843441581353545,0,Clothing,New Look,121,0.42
1500,141,56.460674837619095,-2.970702101737256,3.285502570681274,0,Service,Boots,109,0.56
1500,150,56.46005913132576,-2.9720380981822494,3.2820234037935734,0,Other,Goldsmiths,105,0.47
1500,151,56.46005560786899,-2.9718990233911375,3.2821825556457043,0,Other,The Perfume Shop,116,0.46
1500,152,56.46010663385054,-2.9718124533692674,3.2823803648352623,0,Other,Swarovski,105,0.42
1500,153,56.46011723385859,-2.9717318840400297,3.2825045930221677,0,Service,O2,113,0.56
1500,154,56.4600406884603,-2.971596560701262,3.2825562013313174,0,Other,Warren James,124,0.38
1500,155,56.460229880535294,-2.971453057374133,3.283115077763796,0,Other,Little Thistle,123,0.35
1500,156,56.460196331916165,-2.9713656157431707,3.283180655911565,0,Other,The Fragrance Shop,124,0.59
1500,158,56.460184289023346,-2.970995085254874,3.2837702678516507,0,Clothing,Primark,121,0.25
1500,170,56.460166958031046,-2.9715749363395974,3.282813132740557,0,Food & Drink,Greggs,119,0.94
1500,171,56.46012871142377,-2.9714388493669017,3.282940168865025,0,Service,Three,108,0.76
1500,211,56.46016226727934,-2.9727625459422673,8.281534916721284,1,Service,Thomson,107,0.71
1500,212,56.460183757016544,-2.972641607032876,8.28166732378304,1,Other,Stormfront,108,0.45
1500,216,56.46034762354584,-2.9721015928981127,8.282524761743844,1,Food & Drink,Spudulike,115,0.77
1500,217,56.46031020634011,-2.9718857044700195,8.28269447479397,1,Food & Drink,Subway,115,0.91
1500,220,56.46008311140728,-2.972099652229299,8.281995435245335,1,Food & Drink,Starbucks,108,0.86
1500,222,56.460121012637046,-2.971859644422694,8.282346673309803,1,Other,Hawkins Bazaar,121,0.61
1500,223,56.46013976134292,-2.9717600185523767,8.28250893112272,1,Service,Elegance Hair and Beauty,105,0.72
1500,224,56.460166038114586,-2.9716593253856605,8.282693573273718,1,Food & Drink,Chopstix,118,0.74
1500,225,56.46018313465728,-2.9715933781948856,8.282818266190588,1,Clothing,Ness,120,0.4
1500,226,56.460212809031965,-2.9715220755312224,8.282978932373226,1,Clothing,Garage Street Shoes,114,0.29
1500,227,56.46023368532537,-2.9714554735101144,8.28311923891306,1,Service,Regis Hair,119,0.59
1500,230,56.45947466509076,-2.973956842454455,8.28025077842176,1,Clothing,River Island,112,0.4
1500,233,56.459533725182766,-2.974321817351906,8.280324365012348,1,Clothing,Footasylum,124,0.37
1500,234,56.45947575736285,-2.974572922130526,8.280358931049705,1,Clothing,USC,121,0.4
1500,240,56.45914957194673,-2.974913340219596,8.280431586317718,1,Clothing,Debenhams,120,0.38
1500,242,56.458894861106934,-2.973342075523984,8.280363854952157,1,Clothing,Sports Direct,109,0.35
1500,243,56.45875919852007,-2.973857374203868,8.28034383431077,1,Other,Argos,111,0.57
1500,244,56.46005179758663,-2.971291869498666,8.283031449653208,1,Clothing,Primark,110,0.54
1500,245,56.460732419088785,-2.970527819885743,8.28601976763457,1,Service,Boots,109,0.63
1500,251,56.46045885870846,-2.9715226180271275,8.28353010956198,1,Clothing,New Look,113,0.44
1600,15,56.459179817093755,-2.9746738480042603,3.2803137125447392,0,Clothing,Debenhams,102,0.37
1600,17,56.459006198332624,-2.973734879254415,3.2802132749930024,0,Clothing,H&M,99,0.55
1600,19,56.45904569156023,-2.973506793380514,3.2802486857399344,0,Clothing,Next,98,0.4
1600,24,56.45962044062105,-2.9737190710677535,8.280373255722225,1,Service,Lush,88,0.69
1600,25,56.45970967654764,-2.9736169869743416,8.280475470237434,1,Service,Vision Express,97,0.62
1600,26,56.45974210870987,-2.9735034672732406,8.280537427403033,1,Service,The Gentlemen's Lounge,92,0.72
1600,27,56.45982690601922,-2.973470667648571,8.280646233819425,1,Other,Menkind,96,0.61
1600,28,56.45995101378066,-2.9733388269129346,8.280861148610711,1,Clothing,Superdry,90,0.26
1600,29,56.460044840752374,-2.9730205615462535,8.281159344129264,1,Clothing,Topman,103,0.48
1600,111,56.45927271015507,-2.974182991077556,3.280188562348485,0,Clothing,JD Sports,88,0.34
1600,113,56.45940264561752,-2.973952821787626,3.2802147893235087,0,Clothing,Schuh,90,0.32
1600,114,56.45946487262657,-2.9738236313505144,3.280251639895141,0,Other,Smiggle,86,0.57
1600,115,56.459705870955645,-2.9738672496181526,3.2804376566782594,0,Clothing,River Island,87,0.45
1600,116,56.459605433302315,-2.9735745347184768,3.2803884278982878,0,Clothing,Oasis,94,0.41
1600,118,56.45969705988947,-2.9733930276551748,3.2805245220661163,0,Other,Claire's Accessories,101,0.35
1600,119,56.45973212568105,-2.973254244414409,3.28061412088573,0,Service,Carphone Warehouse,99,0.56
1600,120,56.459818583376006,-2.9731308688742892,3.280770866200328,0,Other,Paperchase,100,0.49
1600,121,56.45983592062926,-2.9730525922312414,3.2808334343135357,0,Service,Holland & Barret,92,0.52
1600,122,56.45987533408329,-2.972968820879752,3.2809327766299248,0,Other,Tiger,88,0.49
1600,123,56.459941854221654,-2.9728674873782706,3.28109004534781,0,Clothing,Topshop,104,0.34
1600,124,56.45999966055679,-2.972742377276248,3.2812652243301272,0,Clothing,Quiz,100,0.5
1600,125,56.46003556794677,-2.9726444079623264,3.2813977962359786,0,Service,Virgin Media,101,0.71
1600,126,56.46008378913951,-2.972520137865618,3.2815824327990413,0,Food & Drink,Five Guys,95,0.81
1600,127,56.46015992029803,-2.97233985089283,3.2818863159045577,0,Food & Drink,Frakie & Benny's,96,0.7
1600,129,56.46020368550028,-2.9721120572018056,3.2822071220725775,0,Service,Bodycare,85,0.53
1600,131,56.460229725726926,-2.9719705320730845,3.28242146410048,0,Service,Vodafone,97,0.73
1600,132,56.460252257925454,-2.971849222055028,3.282616133801639,0,Other,Ernest Jones,86,0.41
1600,133,56.46032858210687,-2.971791988850632,3.2828536042943597,0,Service,EE,92,0.62
1600,134,56.460373768617515,-2.9716318758587335,3.283170821145177,0,Other,Clinton Cards,91,0.57
1600,135,56.46041443085644,-2.971428622241681,3.2835608404129744,0,Service,Superdrug,88,0.52
1600,140,56.460478583612,-2.9710429436045676,3.2843441581353545,0,Clothing,New Look,90,0.54
1600,141,56.460674837619095,-2.970702101737256,3.285502570681274,0,Service,Boots,103,0.61
1600,150,56.46005913132576,-2.9720380981822494,3.2820234037935734,0,Other,Goldsmiths,87,0.46
1600,151,56.46005560786899,-2.9718990233911375,3.2821825556457043,0,Other,The Perfume Shop,90,0.4
1600,152,56.46010663385054,-2.9718124533692674,3.2823803648352623,0,Other,Swarovski,96,0.54
1600,153,56.46011723385859,-2.9717318840400297,3.2825045930221677,0,Service,O2,87,0.53
1600,154,56.4600406884603,-2.971596560701262,3.2825562013313174,0,Other,Warren James,97,0.51
1600,155,56.460229880535294,-2.971453057374133,3.283115077763796,0,Other,Little Thistle,85,0.37
1600,156,56.460196331916165,-2.9713656157431707,3.283180655911565,0,Other,The Fragrance Shop,88,0.53
1600,158,56.460184289023346,-2.970995085254874,3.2837702678516507,0,Clothing,Primark,88,0.48
1600,170,56.460166958031046,-2.9715749363395974,3.282813132740557,0,Food & Drink,Greggs,91,0.87
1600,171,56.46012871142377,-2.9714388493669017,3.282940168865025,0,Service,Three,99,0.5
1600,211,56.46016226727934,-2.9727625459422673,8.281534916721284,1,Service,Thomson,100,0.78
1600,212,56.460183757016544,-2.972641607032876,8.28166732378304,1,Other,Stormfront,88,0.5
1600,216,56.46034762354584,-2.9721015928981127,8.282524761743844,1,Food & Drink,Spudulike,93,0.96
1600,217,56.46031020634011,-2.9718857044700195,8.28269447479397,1,Food & Drink,Subway,97,0.9
1600,220,56.46008311140728,-2.972099652229299,8.281995435245335,1,Food & Drink,Starbucks,91,0.99
1600,222,56.460121012637046,-2.971859644422694,8.282346673309803,1,Other,Hawkins Bazaar,101,0.63
1600,223,56.46013976134292,-2.9717600185523767,8.28250893112272,1,Service,Elegance Hair and Beauty,104,0.68
1600,224,56.460166038114586,-2.9716593253856605,8.282693573273718,1,Food & Drink,Chopstix,104,0.79
1600,225,56.46018313465728,-2.9715933781948856,8.282818266190588,1,Clothing,Ness,104,0.49
1600,226,56.460212809031965,-2.9715220755312224,8.282978932373226,1,Clothing,Garage Street Shoes,91,0.46
1600,227,56.46023368532537,-2.9714554735101144,8.28311923891306,1,Service,Regis Hair,99,0.76
1600,230,56.45947466509076,-2.973956842454455,8.28025077842176,1,Clothing,River Island,100,0.5
1600,233,56.459533725182766,-2.974321817351906,8.280324365012348,1,Clothing,Footasylum,85,0.51
1600,234,56.45947575736285,-2.974572922130526,8.280358931049705,1,Clothing,USC,94,0.53
1600,240,56.45914957194673,-2.974913340219596,8.280431586317718,1,Clothing,Debenhams,91,0.43
1600,242,56.458894861106934,-2.973342075523984,8.280363854952157,1,Clothing,Sports Direct,96,0.49
1600,243,56.45875919852007,-2.973857374203868,8.28034383431077,1,Other,Argos,88,0.46
1600,244,56.46005179758663,-2.971291869498666,8.283031449653208,1,Clothing,Primark,85,0.42
1600,245,56.460732419088785,-2.970527819885743,8.28601976763457,1,Service,Boots,103,0.54
1600,251,56.46045885870846,-2.9715226180271275,8.28353010956198,1,Clothing,New Look,91,0.29
1700,15,56.459179817093755,-2.9746738480042603,3.2803137125447392,0,Clothing,Debenhams,59,0.49
1700,17,56.459006198332624,-2.973734879254415,3.2802132749930024,0,Clothing,H&M,71,0.31
1700,19,56.45904569156023,-2.973506793380514,3.2802486857399344,0,Clothing,Next,69,0.55
1700,24,56.45962044062105,-2.9737190710677535,8.280373255722225,1,Service,Lush,62,0.7
1700,25,56.45970967654764,-2.9736169869743416,8.280475470237434,1,Service,Vision Express,58,0.7
1700,26,56.45974210870987,-2.9735034672732406,8.280537427403033,1,Service,The Gentlemen's Lounge,66,0.55
1700,27,56.45982690601922,-2.973470667648571,8.280646233819425,1,Other,Menkind,73,0.59
1700,28,56.45995101378066,-2.9733388269129346,8.280861148610711,1,Clothing,Superdry,65,0.37
1700,29,56.460044840752374,-2.9730205615462535,8.281159344129264,1,Clothing,Topman,69,0.29
1700,111,56.45927271015507,-2.974182991077556,3.280188562348485,0,Clothing,JD Sports,72,0.41
1700,113,56.45940264561752,-2.973952821787626,3.2802147893235087,0,Clothing,Schuh,62,0.55
1700,114,56.45946487262657,-2.9738236313505144,3.280251639895141,0,Other,Smiggle,57,0.61
1700,115,56.459705870955645,-2.9738672496181526,3.2804376566782594,0,Clothing,River Island,57,0.5
1700,116,56.459605433302315,-2.9735745347184768,3.2803884278982878,0,Clothing,Oasis,60,0.51
1700,118,56.45969705988947,-2.9733930276551748,3.2805245220661163,0,Other,Claire's Accessories,58,0.62
1700,119,56.45973212568105,-2.973254244414409,3.28061412088573,0,Service,Carphone Warehouse,63,0.72
1700,120,56.459818583376006,-2.9731308688742892,3.280770866200328,0,Other,Paperchase,70,0.64
1700,121,56.45983592062926,-2.9730525922312414,3.2808334343135357,0,Service,Holland & Barret,57,0.75
1700,122,56.45987533408329,-2.972968820879752,3.2809327766299248,0,Other,Tiger,73,0.65
1700,123,56.459941854221654,-2.9728674873782706,3.28109004534781,0,Clothing,Topshop,76,0.5
1700,124,56.45999966055679,-2.972742377276248,3.2812652243301272,0,Clothing,Quiz,73,0.36
1700,125,56.46003556794677,-2.9726444079623264,3.2813977962359786,0,Service,Virgin Media,59,0.66
1700,126,56.46008378913951,-2.972520137865618,3.2815824327990413,0,Food & Drink,Five Guys,76,0.95
1700,127,56.46015992029803,-2.97233985089283,3.2818863159045577,0,Food & Drink,Frakie & Benny's,70,0.83
1700,129,56.46020368550028,-2.9721120572018056,3.2822071220725775,0,Service,Bodycare,59,0.65
1700,131,56.460229725726926,-2.9719705320730845,3.28242146410048,0,Service,Vodafone,57,0.57
1700,132,56.460252257925454,-2.971849222055028,3.282616133801639,0,Other,Ernest Jones,73,0.38
1700,133,56.46032858210687,-2.971791988850632,3.2828536042943597,0,Service,EE,72,0.62
1700,134,56.460373768617515,-2.9716318758587335,3.283170821145177,0,Other,Clinton Cards,66,0.6
1700,135,56.46041443085644,-2.971428622241681,3.2835608404129744,0,Service,Superdrug,64,0.59
1700,140,56.460478583612,-2.9710429436045676,3.2843441581353545,0,Clothing,New Look,76,0.45
1700,141,56.460674837619095,-2.970702101737256,3.285502570681274,0,Service,Boots,76,0.57
1700,150,56.46005913132576,-2.9720380981822494,3.2820234037935734,0,Other,Goldsmiths,62,0.57
1700,151,56.46005560786899,-2.9718990233911375,3.2821825556457043,0,Other,The Perfume Shop,61,0.55
1700,152,56.46010663385054,-2.9718124533692674,3.2823803648352623,0,Other,Swarovski,75,0.58
1700,153,56.46011723385859,-2.9717318840400297,3.2825045930221677,0,Service,O2,71,0.62
1700,154,56.4600406884603,-2.971596560701262,3.2825562013313174,0,Other,Warren James,66,0.55
1700,155,56.460229880535294,-2.971453057374133,3.283115077763796,0,Other,Little Thistle,66,0.38
1700,156,56.460196331916165,-2.9713656157431707,3.283180655911565,0,Other,The Fragrance Shop,74,0.56
1700,158,56.460184289023346,-2.970995085254874,3.2837702678516507,0,Clothing,Primark,73,0.36
1700,170,56.460166958031046,-2.9715749363395974,3.282813132740557,0,Food & Drink,Greggs,60,0.79
1700,171,56.46012871142377,-2.9714388493669017,3.282940168865025,0,Service,Three,57,0.59
1700,211,56.46016226727934,-2.9727625459422673,8.281534916721284,1,Service,Thomson,63,0.5
1700,212,56.460183757016544,-2.972641607032876,8.28166732378304,1,Other,Stormfront,69,0.59
1700,216,56.46034762354584,-2.9721015928981127,8.282524761743844,1,Food & Drink,Spudulike,74,0.76
1700,217,56.46031020634011,-2.9718857044700195,8.28269447479397,1,Food & Drink,Subway,74,0.74
1700,220,56.46008311140728,-2.972099652229299,8.281995435245335,1,Food & Drink,Starbucks,74,0.75
1700,222,56.460121012637046,-2.971859644422694,8.282346673309803,1,Other,Hawkins Bazaar,75,0.45
1700,223,56.46013976134292,-2.9717600185523767,8.28250893112272,1,Service,Elegance Hair and Beauty,69,0.8
1700,224,56.460166038114586,-2.9716593253856605,8.282693573273718,1,Food & Drink,Chopstix,66,0.7
1700,225,56.46018313465728,-2.9715933781948856,8.282818266190588,1,Clothing,Ness,74,0.51
1700,226,56.460212809031965,-2.9715220755312224,8.282978932373226,1,Clothing,Garage Street Shoes,59,0.39
1700,227,56.46023368532537,-2.9714554735101144,8.28311923891306,1,Service,Regis Hair,68,0.59
1700,230,56.45947466509076,-2.973956842454455,8.28025077842176,1,Clothing,River Island,62,0.36
1700,233,56.459533725182766,-2.974321817351906,8.280324365012348,1,Clothing,Footasylum,59,0.27
1700,234,56.45947575736285,-2.974572922130526,8.280358931049705,1,Clothing,USC,76,0.37
1700,240,56.45914957194673,-2.974913340219596,8.280431586317718,1,Clothing,Debenhams,70,0.4
1700,242,56.458894861106934,-2.973342075523984,8.280363854952157,1,Clothing,Sports Direct,71,0.42
1700,243,56.45875919852007,-2.973857374203868,8.28034383431077,1,Other,Argos,62,0.6
1700,244,56.46005179758663,-2.971291869498666,8.283031449653208,1,Clothing,Primark,63,0.42
1700,245,56.460732419088785,-2.970527819885743,8.28601976763457,1,Service,Boots,75,0.51
1700,251,56.46045885870846,-2.9715226180271275,8.28353010956198,1,Clothing,New Look,76,0.28
